epoch,epoch_duration_seconds,train_loss,train_acc_1,train_acc_5,val_loss,val_acc_1,val_acc_5,precision_macro,recall_macro,f1_score_micro,f1_score_macro,f1_score_weighted,auroc
1.0,19.291893599999998,2.06673516740036,0.23408800005912775,0.7456480038166046,1.9040757230377199,0.2828200042247772,0.8238200068473817,0.3405161023139954,0.2828200042247772,0.2828200042247772,0.250502535700798,0.25050253272056583,0.7978374242782592
2.0,19.245984000000004,1.7523013982658389,0.3399199998378753,0.8690239989757539,1.6637201615524295,0.37763999700546264,0.8906999826431274,0.4028807461261749,0.3776400089263916,0.37763999700546264,0.3653602957725525,0.3653602957725525,0.8427784442901611
3.0,19.130329399999997,1.6362208090286252,0.38620800137519834,0.8937799954414368,1.56214251953125,0.4207800030708313,0.909500002861023,0.4361938893795014,0.42077999114990233,0.4207800030708313,0.41404205560684204,0.41404205560684204,0.8602194547653198
4.0,19.054546400000003,1.560425377212524,0.4187200003862381,0.9073759984970092,1.4808365531158447,0.4559599995613098,0.9221799969673157,0.4616035342216492,0.4559600055217743,0.4559599995613098,0.4488072037696838,0.4488072037696838,0.8729661226272584
5.0,19.170697399999998,1.4975327713279725,0.44482000112533565,0.9173359978199004,1.4294560238265988,0.474860006570816,0.9279799938201904,0.48266952633857724,0.47486000061035155,0.474860006570816,0.46808086037635804,0.4680808484554291,0.8823078274726868
6.0,19.123389399999997,1.4411643785991668,0.4705880010128021,0.9248399984836579,1.3767394567489626,0.49713999032974243,0.9361600041389465,0.506984841823578,0.49713999032974243,0.49713999032974243,0.48940075635910035,0.48940075635910035,0.891165018081665
7.0,19.2782416,1.3895084332466128,0.49125199854373935,0.9318839979171752,1.3252367321777345,0.5160399913787842,0.9419600009918213,0.5247690916061402,0.5160400032997131,0.5160399913787842,0.5098962843418121,0.5098962843418121,0.8986508965492249
8.0,19.224368799999997,1.345430312566757,0.5095360028743743,0.9371519994735716,1.2751675148391721,0.5380400061607361,0.9473399996757507,0.543467664718628,0.538040018081665,0.5380400061607361,0.5313828110694886,0.5313828110694886,0.9051592111587524
9.0,19.188291800000002,1.3041965055618283,0.5261759972572326,0.941728000640869,1.2277618450927734,0.5575999975204468,0.9514000058174134,0.5613650321960449,0.5576000094413757,0.5575999975204468,0.5533637404441833,0.5533637285232543,0.9112611532211304
10.0,19.2305824,1.2687396884269717,0.5399119997024536,0.9456959986686707,1.210448265914917,0.5661599993705749,0.9545600056648255,0.5704825162887573,0.566159987449646,0.5661599993705749,0.5613990068435669,0.5613990068435669,0.9146620869636536
11.0,19.3467296,1.2310232891864776,0.5542480015754699,0.9494079983234406,1.1877838312149047,0.5722399950027466,0.9554200053215026,0.5778646588325501,0.5722400307655334,0.5722399950027466,0.5675108551979066,0.5675108313560485,0.918064844608307
12.0,19.2049772,1.2001735593204497,0.5670679998397826,0.9519560027122497,1.1540305023193358,0.587119996547699,0.9586599946022033,0.5937952518463135,0.58711998462677,0.587119996547699,0.5824387192726136,0.5824387192726136,0.9225151181221009
13.0,19.187721400000004,1.1735735107421874,0.5772800028324127,0.9542440044879913,1.1176080229187013,0.598259997367859,0.9607199907302856,0.6018132090568543,0.5982599854469299,0.598259997367859,0.5931792140007018,0.5931792259216309,0.9267107248306274
14.0,19.287773600000005,1.1463478848972322,0.5868439996242523,0.9568639945983887,1.0962113313674926,0.6073000073432923,0.9619199991226196,0.6064926981925964,0.6072999954223633,0.6073000073432923,0.5998305082321167,0.5998305082321167,0.9294244766235352
15.0,19.237345599999998,1.120200895415306,0.5962640035152434,0.9587920010089874,1.0880118197631834,0.6121800065040589,0.9639999985694886,0.6175295114517212,0.6121800065040589,0.6121800065040589,0.6067086815834045,0.6067086696624756,0.9311500191688538
16.0,19.2592772,1.0971441106452942,0.6065160036087036,0.9604559993743896,1.072544278411865,0.6176000118255615,0.9645599961280823,0.6230455517768859,0.6176000118255615,0.6176000118255615,0.6120015025138855,0.6120014786720276,0.9334354400634766
17.0,19.181889799999997,1.0759721959505082,0.6135399997234344,0.9622360002994537,1.0332970812034605,0.6317999958992004,0.9669399857521057,0.6325596451759338,0.6318000078201295,0.6317999958992004,0.6265473008155823,0.6265472888946534,0.9367085456848144
18.0,19.1389776,1.0563141952877046,0.6206720042228699,0.9636519992351532,1.0166531013298037,0.6368800044059754,0.968180012702942,0.6391149640083312,0.6368800163269043,0.6368800044059754,0.6322714805603028,0.6322714686393738,0.9389530062675476
19.0,19.274827400000003,1.0378641992568973,0.6270279967784882,0.9653599989414214,1.008482842693329,0.6416400074958801,0.9692999958992005,0.6455458641052246,0.6416400194168091,0.6416400074958801,0.6373371481895447,0.6373371481895447,0.9402229070663451
20.0,19.3163764,1.0198095466766357,0.6347799980640412,0.9670879995822909,0.9886800816345215,0.6490599870681762,0.9703999996185303,0.6545260190963745,0.6490599870681762,0.6490599870681762,0.6462763428688049,0.6462763428688049,0.9423929333686828
21.0,19.1555882,1.003153745214462,0.6401840031147003,0.967955996990204,0.9794503940963747,0.6513000011444091,0.9713200092315674,0.6541865944862365,0.6513000011444091,0.6513000011444091,0.6456892251968384,0.6456892251968384,0.9439409613609314
22.0,19.13423,0.9887055362873077,0.645620002746582,0.9685080039501192,0.9638627823448181,0.6552199959754944,0.9725600004196168,0.6601124525070191,0.6552200198173522,0.6552199959754944,0.6505989670753479,0.6505989670753479,0.9456296920776367
23.0,19.166866199999998,0.9741010110397338,0.6515520024299621,0.9695120048522948,0.9483867390251159,0.6636000037193298,0.973199999332428,0.6657639265060425,0.6635999917984009,0.6636000037193298,0.6583842158317567,0.6583842039108276,0.9469152212142945
24.0,19.253162000000003,0.9576215533423423,0.6575039970874786,0.9706360018253326,0.9141739778900145,0.6760800004005433,0.9752600073814391,0.6726833820343018,0.6760800004005433,0.6760800004005433,0.6712036490440368,0.6712036728858948,0.949265456199646
25.0,19.2698426,0.9407547395572662,0.664680004119873,0.971708003282547,0.909090122013092,0.6779600024223328,0.9760200023651123,0.6763986229896545,0.6779599905014039,0.6779600024223328,0.6739896059036256,0.6739895939826965,0.9502011060714722
26.0,19.1432946,0.9298360169973373,0.6673000013828277,0.9727039945125581,0.9130993410491942,0.6796000003814697,0.9759600043296813,0.6797114491462707,0.6796000003814697,0.6796000003814697,0.6754988431930542,0.6754988312721252,0.9506729483604431
27.0,19.158066199999997,0.9161663654079436,0.6724159979820251,0.9734440028667449,0.9100234152793885,0.678000009059906,0.9762399911880494,0.6865246653556824,0.6779999971389771,0.678000009059906,0.6761419177055359,0.6761419177055359,0.9516570687294007
28.0,19.178238399999998,0.9030825076560972,0.6767640030384063,0.9741920006275177,0.8896113635444641,0.6876999855041505,0.9775799989700317,0.6883198738098145,0.6877000093460083,0.6876999855041505,0.6836477994918823,0.6836478114128113,0.9532909393310547
29.0,19.3751236,0.891035031829834,0.6818040013313293,0.9745839977264404,0.8757586940002442,0.6906799912452698,0.9781599998474121,0.6940309405326843,0.6906799912452698,0.6906799912452698,0.6879294872283935,0.6879294633865357,0.9544097781181335
30.0,19.110486199999997,0.8809364733161926,0.6851919984817504,0.9761680018901826,0.8706072202873231,0.693119990825653,0.9783199906349181,0.6958810567855834,0.693120002746582,0.693119990825653,0.6899600744247437,0.6899600744247437,0.9552212953567505
31.0,19.2143702,0.8684281085834503,0.690843995809555,0.9765719974040986,0.8604121349334717,0.6986200094223022,0.9793999910354615,0.7019443154335022,0.6986200094223022,0.6986200094223022,0.6949063539505005,0.6949063539505005,0.956241476535797
32.0,19.2057052,0.8578671230249405,0.6940039944648743,0.9770840001106261,0.8405952197074891,0.7055999994277954,0.9806000113487244,0.7062485098838805,0.7055999875068665,0.7055999994277954,0.7023858547210694,0.7023858666419983,0.9577362179756165
33.0,19.1539674,0.8485315043239593,0.6982480001449586,0.978011997938156,0.8449461995697022,0.7049199938774109,0.979100000858307,0.7093743205070496,0.7049200057983399,0.7049199938774109,0.7024051547050476,0.7024051427841186,0.957845413684845
34.0,19.209166799999995,0.8365202894477844,0.7017599987983703,0.9784079992771147,0.8262518986129761,0.7103799819946289,0.981220006942749,0.7135626316070557,0.7103800177574158,0.7103799819946289,0.7080666184425354,0.7080666184425354,0.9592384219169617
35.0,19.1699426,0.8253800694370269,0.7065719950199126,0.9794359993934633,0.8244680953598023,0.7097999930381774,0.9814000010490417,0.7146714448928834,0.7097999811172485,0.7097999930381774,0.7083151340484619,0.7083151340484619,0.9595864653587342
36.0,19.2351316,0.8156864621744155,0.7105519974231719,0.9795479989051818,0.8112056870079041,0.7169600129127502,0.9815400004386902,0.7195593357086182,0.7169600009918212,0.7169600129127502,0.714805769920349,0.714805769920349,0.9606950283050537
37.0,19.110321199999998,0.8055080081205368,0.713699995279312,0.9801800012588501,0.7978302932357789,0.7218000054359436,0.9824399948120117,0.7255783557891845,0.7218000054359436,0.7218000054359436,0.7203222870826721,0.72032231092453,0.9619061589241028
38.0,19.183436599999997,0.7967200186910627,0.716819999217987,0.9805920004844665,0.8093696837615968,0.719539999961853,0.9816999912261962,0.7253702640533447,0.719540011882782,0.719539999961853,0.7176282048225403,0.7176282048225403,0.9614862203598022
39.0,19.275779200000002,0.7870648455514909,0.7199999964237213,0.9806520020961763,0.7778040227890014,0.727679991722107,0.9838999986648559,0.7301064133644104,0.7276800155639648,0.727679991722107,0.7248406648635864,0.7248406529426575,0.9635172009468079
40.0,19.1708008,0.777385986208439,0.724715996980667,0.9815200006961823,0.7811550902748108,0.7301800012588501,0.9832800030708313,0.7330071449279786,0.7301799774169923,0.7301800012588501,0.7266755223274232,0.7266755223274232,0.9639397740364074
41.0,19.2413988,0.7690502935647965,0.72796400308609,0.9817480003833771,0.7688459545898437,0.7335800051689149,0.9838199973106384,0.7384220004081726,0.7335799813270568,0.7335800051689149,0.7322779417037965,0.7322779417037965,0.9646733045578003
42.0,19.195388400000002,0.7590638647899629,0.7310159969329835,0.9824400007724762,0.7660184836769103,0.7342600107192992,0.9841400027275086,0.7382729172706605,0.7342600107192992,0.7342600107192992,0.7318650126457215,0.7318650126457215,0.9650986552238464
43.0,19.214149599999995,0.7518569080896378,0.732843998670578,0.9829159986972807,0.7534248496246337,0.7396799802780151,0.9845799922943116,0.7432452559471131,0.739680016040802,0.7396799802780151,0.7385900735855103,0.7385900735855103,0.9658362865447998
44.0,19.202296199999996,0.7426966895179749,0.7376199996471405,0.9830040001869201,0.7410847057914735,0.7440600037574768,0.9855000138282776,0.745694100856781,0.7440600037574768,0.7440600037574768,0.7415481328964234,0.7415481567382812,0.9668447971343994
45.0,19.2400004,0.7340637262363433,0.7396319937705993,0.9838040030002594,0.7312089395141602,0.7448600053787232,0.9860599994659424,0.7474933147430419,0.7448599934577942,0.7448600053787232,0.74373539686203,0.74373539686203,0.9674544930458069
46.0,19.245430799999998,0.7259327550344468,0.7433960020542146,0.9835720002651215,0.7328510404586791,0.7471799969673157,0.9856799960136414,0.7490168571472168,0.7471800088882447,0.7471799969673157,0.7450963497161865,0.7450963377952576,0.9676926374435425
47.0,19.248311599999997,0.7187475621218681,0.7468879997730254,0.9842760014533996,0.7340800404930116,0.7491200089454652,0.9855599880218505,0.752657151222229,0.7491199970245361,0.7491200089454652,0.7469923377037048,0.7469923377037048,0.9682495117187501
48.0,19.145590799999997,0.7107105223159791,0.7493719983100892,0.9846359992027282,0.7275068726348876,0.7490000009536742,0.9852799892425538,0.754102623462677,0.7489999771118164,0.7490000009536742,0.7487194061279298,0.7487194180488587,0.9685077786445618
49.0,19.293143999999998,0.7010481778602601,0.7523079979419709,0.9858280014991759,0.7278021566963196,0.7498199939727783,0.9864000201225281,0.7554764032363891,0.7498200058937073,0.7498199939727783,0.7490427255630493,0.7490426778793334,0.9687966823577882
50.0,19.201569000000003,0.6961964141330718,0.7549600017070771,0.9854320025444032,0.7107063674736023,0.755019998550415,0.9859799981117249,0.756702184677124,0.7550199747085572,0.755019998550415,0.7529193162918091,0.7529193162918091,0.9698481559753418
51.0,19.1876864,0.6891748472979069,0.7563879966735839,0.985944002866745,0.6958756357383727,0.7608000040054321,0.9867200016975403,0.7615983843803406,0.7608000159263612,0.7608000040054321,0.7587603449821473,0.7587603449821473,0.9706403374671936
52.0,19.1542592,0.6793460678648948,0.7605199992656707,0.98589200258255,0.6998887339401244,0.760640001296997,0.9872200131416321,0.7662578225135803,0.7606399893760681,0.760640001296997,0.7601600885391235,0.7601600766181945,0.9707194328308105
53.0,19.042046199999998,0.6748612482862474,0.76156800031662,0.9862280011177064,0.6979467693710327,0.7617800116539001,0.986519992351532,0.7659460067749023,0.7617799997329712,0.7617800116539001,0.7608335971832275,0.7608336091041564,0.9711162805557251
54.0,19.22857,0.6678651913547515,0.7648079991340638,0.9866759979724885,0.6831701771736146,0.7664200067520142,0.9879599928855897,0.7700279116630554,0.7664200186729432,0.7664200067520142,0.7655788540840148,0.7655788421630859,0.9719298720359802
55.0,19.070868,0.6568626799573899,0.7689199984073639,0.9867959976196289,0.7011916968345643,0.7619999885559082,0.9865600109100342,0.7696628928184509,0.7619999766349793,0.7619999885559082,0.7615908861160278,0.7615909099578858,0.9713877677917481
56.0,19.108370400000002,0.6530675575566293,0.7694480001926421,0.9873079991340639,0.6720107169151307,0.7699599981307984,0.9871999979019165,0.7712199211120606,0.7699600100517273,0.7699599981307984,0.768685531616211,0.768685531616211,0.9726099729537964
57.0,19.1602718,0.6453460738887787,0.7734920001029968,0.9874440014362335,0.6943391561508179,0.7648199915885926,0.9871000051498413,0.7709046602249146,0.7648200035095215,0.7648199915885926,0.7635582089424133,0.7635581851005554,0.9722751140594482
58.0,19.118874,0.6414397768869401,0.7739800024032594,0.9876360034942627,0.6585916314125061,0.7757000088691711,0.9883000016212463,0.777429473400116,0.7757000088691711,0.7757000088691711,0.7744340181350707,0.7744340181350707,0.9736229181289673
59.0,19.064605,0.6343375587334633,0.7776479995250701,0.9876600074768066,0.6597604615974427,0.7743800044059753,0.9879000067710876,0.7776367187500001,0.7743800044059753,0.7743800044059753,0.7734937071800232,0.7734936952590942,0.9738288402557372
60.0,19.201950800000002,0.6283292288599013,0.7799079990386962,0.9881359994411468,0.6763462791824342,0.7739199995994568,0.9876200079917908,0.7793405413627624,0.7739199757575989,0.7739199995994568,0.7729731559753418,0.772973132133484,0.9735227465629578
61.0,19.216314,0.6214432069969177,0.7814280045032501,0.9883600032329559,0.676726656780243,0.7739400148391723,0.9875200033187866,0.77758309841156,0.7739400029182434,0.7739400148391723,0.7716846108436585,0.7716846227645874,0.9737692356109618
62.0,19.243078800000003,0.6189714340829849,0.7837080025672912,0.9882360005378722,0.6598312899589539,0.7778200149536133,0.9881000041961671,0.7817056179046631,0.7778200030326844,0.7778200149536133,0.7767512202262878,0.7767511963844299,0.9744691133499145
63.0,19.2355644,0.6104887278912067,0.7856440055370331,0.9886120021343231,0.6663810342788697,0.7778199911117554,0.9881799936294556,0.7820910930633546,0.7778199791908263,0.7778199911117554,0.7753814578056336,0.7753814697265625,0.9746777296066284
64.0,19.2595116,0.6044882780079842,0.7878159987926482,0.9886359989643098,0.6392936070823669,0.781719994544983,0.9883999943733216,0.783491325378418,0.781719994544983,0.781719994544983,0.7798948407173157,0.7798948287963867,0.9755317211151123
65.0,19.161239999999996,0.599526487367153,0.7905120015144349,0.989191998243332,0.6281649572372435,0.7866600036621093,0.9889400124549866,0.7876299023628235,0.7866600036621093,0.7866600036621093,0.7855506896972656,0.7855507254600526,0.9760746121406555
66.0,19.1462338,0.5935995201139449,0.7916560006141663,0.9892079997062684,0.6374172477722168,0.7841400146484375,0.9893200039863587,0.7886955261230469,0.7841400027275086,0.7841400146484375,0.7817614793777466,0.7817615032196045,0.9761222243309021
67.0,19.1724236,0.5892604289302826,0.7940039992332458,0.9892840027809143,0.6363461948013304,0.7875800132751465,0.9888800024986267,0.7885499119758607,0.7875799894332886,0.7875800132751465,0.7850281476974487,0.7850281476974487,0.9762645959854126
68.0,19.160519400000002,0.5834988417153358,0.7945959985256196,0.9897440016269684,0.6237966537475587,0.7888000011444092,0.9892199993133545,0.7915014863014221,0.7887999892234802,0.7888000011444092,0.7873279452323914,0.7873279452323914,0.9767618536949157
69.0,19.1753926,0.577168798219204,0.7979199957847595,0.9899240005016328,0.6401586257553101,0.7861200213432312,0.9891800045967102,0.7919470310211182,0.7861199855804443,0.7861200213432312,0.7853636503219604,0.7853636264801026,0.9765796661376953
70.0,19.2264164,0.5725440340595246,0.7998880004882812,0.9899520003795622,0.6259136230659484,0.7906199932098389,0.989299988746643,0.7937956809997558,0.7906199932098389,0.7906199932098389,0.7889330506324769,0.7889330387115479,0.9771479606628418
71.0,19.1764688,0.5669163975057602,0.8011839997768403,0.9902279984951018,0.6338971273422241,0.7898399949073792,0.9888399958610535,0.7937727570533752,0.7898399949073792,0.7898399949073792,0.7870222330093384,0.7870222449302674,0.9772319674491882
72.0,19.219123399999997,0.565107761973381,0.8028800010681153,0.9903280019760131,0.6152181049156189,0.7932600021362305,0.9890600085258484,0.7968787550926208,0.7932600021362305,0.7932600021362305,0.7926063895225525,0.7926063895225525,0.9777110934257508
73.0,19.2494818,0.5580610205526352,0.8053600013256074,0.9904280018806456,0.6185189080429078,0.7923400044441223,0.9895200133323669,0.7975039601325989,0.7923399925231934,0.7923400044441223,0.7918895483016968,0.7918895602226258,0.9778144001960755
74.0,19.1691622,0.5535534226436615,0.8054399991035462,0.9904439985752106,0.6130854772186279,0.7946000099182129,0.9893800139427186,0.7995248079299927,0.7946000218391419,0.7946000099182129,0.7941975474357604,0.7941975474357604,0.9781610369682312
75.0,19.0661868,0.5486467671337129,0.8086600005626678,0.990912001132965,0.6083090098762512,0.7980800032615661,0.989359998703003,0.8014792919158936,0.7980799794197083,0.7980800032615661,0.7966208219528198,0.796620786190033,0.9784833669662475
76.0,19.179067199999995,0.5423613433088064,0.8106240022182466,0.9910239982604981,0.600401115398407,0.7996800184249878,0.9896799921989441,0.8027255177497864,0.7996800184249878,0.7996800184249878,0.7990229845046998,0.7990229845046998,0.9787046074867248
77.0,19.259542,0.5385937718725203,0.8121239960193636,0.9910519981384277,0.6040180690193176,0.7982799887657165,0.9898800015449524,0.8037896633148193,0.7982799768447876,0.7982799887657165,0.7978841185569764,0.7978841066360474,0.9787764668464661
78.0,19.281805799999997,0.5363480049095153,0.8128119993209838,0.991091995239258,0.6066241050529481,0.8007799983024597,0.9900599956512451,0.8028300404548645,0.8007799863815307,0.8007799983024597,0.7991610407829285,0.7991610288619996,0.978868842124939
79.0,19.239175999999997,0.5295677943344116,0.8153559958934783,0.9916519951820373,0.5879357813644409,0.804859983921051,0.9895799994468689,0.8064746141433715,0.8048600316047668,0.804859983921051,0.8041700959205628,0.8041701078414917,0.979507839679718
80.0,19.1213542,0.527261589621067,0.8151119983196259,0.9914360010623932,0.5786359501838684,0.8063400030136109,0.990659999847412,0.8065156817436218,0.8063400030136109,0.8063400030136109,0.8047822117805481,0.8047821879386902,0.9799168705940247
81.0,19.2600132,0.5206279017066956,0.8178720033168793,0.9917679977416992,0.5928206812095641,0.8034000039100647,0.9903999924659729,0.8068491458892822,0.8034000158309936,0.8034000039100647,0.801774525642395,0.8017745018005371,0.9797098636627197
82.0,19.1800988,0.5194810176267622,0.818867996931076,0.9918599927425386,0.5783498062324525,0.8080000042915344,0.9904600024223328,0.8097108125686646,0.8079999923706055,0.8080000042915344,0.8068787932395934,0.8068787932395934,0.9801369667053222
83.0,19.2469626,0.5146609794814586,0.8202719998359679,0.9918599951267243,0.5840290034484864,0.8075399994850159,0.9904599905014039,0.8103831648826599,0.8075399875640868,0.8075399994850159,0.8067034006118775,0.8067034006118775,0.9801890611648559
84.0,19.127771999999997,0.5113522832684517,0.8208560013771057,0.9919319975376127,0.5762937887191772,0.8079000115394592,0.9907999992370605,0.8106895923614502,0.8078999876976013,0.8079000115394592,0.8069935321807861,0.8069935202598572,0.9804308652877808
85.0,19.321014,0.5059188158555031,0.8232080006599426,0.9919519972801208,0.5808288918113709,0.8083599925041199,0.9906200051307678,0.81070796251297,0.8083599925041199,0.8083599925041199,0.8072474241256714,0.8072474360466003,0.9804495215415955
86.0,19.2094018,0.503447097770214,0.8242519998550416,0.9920000004768372,0.5800939299964903,0.8096800088882447,0.9904999971389771,0.8135192632675171,0.8096799731254577,0.8096800088882447,0.8092776775360108,0.8092776894569397,0.9806277751922607
87.0,19.1705262,0.49991153399801247,0.8251400005817414,0.9920040023326875,0.5775575963973999,0.8105399966239929,0.9909000039100647,0.8125715613365173,0.8105400085449218,0.8105399966239929,0.8091317176818847,0.8091317176818847,0.980802595615387
88.0,19.2128558,0.49707505769419674,0.8264840030670166,0.9923040008544922,0.5738285078620912,0.8101600050926209,0.9903799891471863,0.812503683567047,0.8101600050926209,0.8101600050926209,0.8095836639404297,0.8095836639404297,0.980741536617279
89.0,19.2507366,0.4918415295672416,0.8285040056705474,0.99228799700737,0.5688589548873901,0.8128400087356568,0.9907999992370605,0.8157252907752991,0.8128399968147278,0.8128400087356568,0.812478220462799,0.812478220462799,0.9812121391296387
90.0,19.267492,0.48734045026540745,0.8304639995098114,0.9924639987945555,0.5703517486572265,0.813320004940033,0.9910599946975708,0.815207040309906,0.8133200168609619,0.813320004940033,0.8122265100479126,0.8122265100479126,0.9812309980392456
91.0,19.3036994,0.48427373698461057,0.831600000858307,0.9927479958534241,0.5708789856338501,0.8131600022315979,0.9906800150871277,0.8162482500076295,0.8131600141525269,0.8131600022315979,0.8122212767601013,0.8122212767601013,0.9813095569610596
92.0,19.2191988,0.4801490047850608,0.8333720016479492,0.9925560009479523,0.5643376733016968,0.8150400042533875,0.9910999894142151,0.818199360370636,0.8150400042533875,0.8150400042533875,0.8145039558410644,0.8145039439201355,0.9815258383750916
93.0,19.1444236,0.4779695428040028,0.8335440039634704,0.992883996963501,0.5707891687774659,0.8143800020217896,0.9911800026893616,0.8169586181640626,0.8143800139427185,0.8143800020217896,0.8134111881256104,0.8134111881256104,0.9815570950508118
94.0,19.2078968,0.4746198793005943,0.8351759994029998,0.9930879986286163,0.5588950670623779,0.8168400049209595,0.9913599967956542,0.8190300464630127,0.8168399930000305,0.8168400049209595,0.8165005445480347,0.8165005326271056,0.9818580985069275
95.0,19.2163116,0.47154688280200957,0.8362559998035431,0.9928399968147277,0.5620334798049926,0.8177799940109253,0.9913800120353699,0.82040114402771,0.8177799940109253,0.8177799940109253,0.8170512199401855,0.8170512318611145,0.981949281692505
96.0,19.204075200000002,0.4683267993762494,0.8367399966716765,0.9930760014057158,0.5579800315666198,0.8177000045776367,0.9916599988937378,0.8217025399208069,0.8176999926567078,0.8177000045776367,0.8170866727828979,0.8170866727828979,0.9821463704109191
97.0,19.292798199999996,0.4651041967964172,0.8376399970054625,0.9935519969463348,0.5498405505180358,0.8198400020599365,0.9918599843978883,0.822191321849823,0.8198400139808655,0.8198400020599365,0.8195390939712525,0.8195391416549683,0.9822848200798034
98.0,19.209383400000004,0.4613671411013603,0.8395079994201659,0.9933919990062714,0.5501270667266845,0.8204800009727479,0.9917399883270264,0.8225638031959533,0.8204799771308898,0.8204800009727479,0.8195899128913879,0.8195899009704589,0.9824990391731262
99.0,19.2325708,0.4589410351915359,0.8394239997863769,0.9934279978275297,0.5606617323684692,0.8199399948120117,0.9914399981498718,0.8217505812644958,0.8199399948120117,0.8199399948120117,0.8185788750648498,0.8185788989067078,0.9822345852851867
100.0,19.2977176,0.45370732185864443,0.8412359976768494,0.9935759961605072,0.5577271914672851,0.820359992980957,0.9915000081062316,0.8223889708518982,0.820360016822815,0.820359992980957,0.8185809731483459,0.818580961227417,0.982508671283722
101.0,19.199243999999997,0.4510768667490482,0.8423160004615785,0.9937359976768493,0.5527537194824218,0.8223199963569642,0.9914799928665161,0.8232559561729431,0.822320020198822,0.8223199963569642,0.8207957744598389,0.8207957744598389,0.9826006293296814
102.0,19.250495400000002,0.44912913567328444,0.8438639986515045,0.9937159967422485,0.5459547200965881,0.8222800016403199,0.9918799996376038,0.8252314567565918,0.8222799897193909,0.8222800016403199,0.8220202803611755,0.8220202922821045,0.9828263282775879
103.0,19.225992199999997,0.44518858365395664,0.8454639959335326,0.9937679994106291,0.548284306602478,0.821399998664856,0.9917199969291687,0.8236974954605102,0.821399998664856,0.821399998664856,0.8207139134407043,0.8207139134407043,0.9828157067298889
104.0,19.241459199999998,0.4415473351134061,0.8464439964294433,0.9937999963760377,0.5418235284233094,0.8251200079917907,0.9920000076293946,0.8271944403648376,0.8251199722290039,0.8251200079917907,0.825057327747345,0.825057327747345,0.9832101106643677
105.0,19.2034496,0.4395795799679756,0.846963996887207,0.9940079963207245,0.5495099348449707,0.8221799969673157,0.9914799928665161,0.8247366905212402,0.8221800088882446,0.8221799969673157,0.8212345480918884,0.8212345361709595,0.9829577088356017
106.0,19.113186000000002,0.43605056208038334,0.8480639982223511,0.994119998216629,0.5490331451988221,0.8233399987220764,0.9920599818229675,0.8241575360298157,0.8233399868011474,0.8233399987220764,0.8222979426383973,0.8222979545593262,0.982987117767334
107.0,19.1526326,0.43304048123645783,0.8500439989566803,0.9940079939365386,0.5432898527526856,0.8235199928283691,0.9917999982833862,0.8280229926109314,0.8235200047492981,0.8235199928283691,0.8230614185333253,0.8230614185333253,0.9832988262176513
108.0,19.182131000000002,0.4294203898029327,0.8498360002040863,0.9943479967117309,0.5420407130622863,0.8266200065612793,0.9920399904251099,0.8284884333610535,0.8266199946403504,0.8266200065612793,0.8258722424507141,0.8258722305297851,0.9833579301834107
109.0,19.117942199999998,0.42670664003634456,0.8515280020236969,0.9944560015201569,0.5442122612380981,0.8229200005531311,0.9916399955749512,0.8266132712364197,0.8229200005531311,0.8229200005531311,0.8221157908439637,0.8221157908439637,0.9834726691246033
110.0,19.283902800000003,0.42445378744697565,0.8523439991474152,0.9944159984588623,0.5601075333023071,0.8203999996185303,0.9917400002479554,0.825437068939209,0.8203999996185303,0.8203999996185303,0.819059157371521,0.819059157371521,0.9830588579177856
111.0,19.221867,0.4231071851434707,0.8516120004653932,0.9943999981880188,0.547942910194397,0.8251399993896484,0.9918599963188172,0.8276758074760436,0.8251399993896484,0.8251399993896484,0.8238220691680908,0.8238220572471618,0.9834585785865784
112.0,19.1486202,0.4188025542416572,0.8537800002098085,0.9945319998264314,0.5301092635917662,0.8302200078964234,0.9927200078964233,0.8308652639389038,0.8302199959754945,0.8302200078964234,0.829315173625946,0.829315173625946,0.9839769482612609
113.0,19.1357848,0.4176215377851724,0.8543520021438599,0.9944839990139007,0.5343856902503967,0.8286199808120728,0.9920199871063232,0.8305548191070556,0.8286199927330017,0.8286199808120728,0.8276291608810425,0.8276291608810425,0.9838142037391663
114.0,19.181008199999997,0.41313654256749155,0.8562799966335296,0.9944560003280639,0.5511687299060822,0.8248600006103516,0.9920799970626831,0.8285408020019531,0.8248599767684937,0.8248600006103516,0.8238724708557129,0.8238724708557129,0.9837629914283753
115.0,19.2005564,0.4100307233722211,0.8567360019683837,0.9947399997711183,0.5409776402282714,0.828059995174408,0.9919000029563904,0.8293880343437195,0.8280600070953369,0.828059995174408,0.8268901348114014,0.8268901348114014,0.9838094353675843
116.0,19.2532732,0.40864995138788224,0.8576080012321473,0.994947999715805,0.5290754710769653,0.8304399967193604,0.9919999957084656,0.8321874260902405,0.8304399728775024,0.8304399967193604,0.8293501138687134,0.8293501257896424,0.984180748462677
117.0,19.168515000000003,0.4050975647469759,0.8588839983940124,0.9949199962615968,0.5502182686996461,0.8285200119018555,0.9916000008583069,0.8308159351348877,0.8285199880599975,0.8285200119018555,0.8265244126319885,0.8265244007110596,0.9837711095809937
118.0,19.164244800000002,0.40312722171306614,0.8599159967899324,0.9949040007591247,0.5300259843349456,0.8310200095176697,0.9924800157546997,0.8328733444213867,0.8310199975967407,0.8310200095176697,0.8302974343299866,0.8302974343299866,0.9842934727668763
119.0,19.2575914,0.39922347154951093,0.8613040006160736,0.9947640001773834,0.5308185756874083,0.8308799982070924,0.9925599932670593,0.8331918478012085,0.8308800101280213,0.8308799982070924,0.8303436994552612,0.8303436994552612,0.9843381524085998
120.0,19.1540902,0.3972873165879249,0.8615639996528627,0.9947679960727692,0.5362237604999542,0.8287000060081482,0.9920199990272521,0.8333120465278626,0.8286999821662903,0.8287000060081482,0.828325080871582,0.8283250570297241,0.984311592578888
121.0,19.206028200000002,0.39482752079916,0.8621000027656555,0.9948679983615875,0.5314002007484436,0.8335199952125549,0.9921000003814697,0.8359987139701843,0.8335199952125549,0.8335199952125549,0.833088493347168,0.833088493347168,0.9845004200935364
122.0,19.2089272,0.39297792109179497,0.8630360043048858,0.9948319935798645,0.5202586675930023,0.8335999965667725,0.9922200083732605,0.8369506001472473,0.8335999846458435,0.8335999965667725,0.8340203404426575,0.8340203404426575,0.9848350882530212
123.0,19.232834999999998,0.3910198030285836,0.8634720015525817,0.9950999951362611,0.528622290687561,0.8317999958992005,0.9921799898147583,0.8358168959617615,0.8317999720573425,0.8317999958992005,0.8312038660049438,0.8312038660049438,0.9846217155456544
124.0,19.2095372,0.3887657671270371,0.8642599964141846,0.9952479982376098,0.5336997696208954,0.8315199971199035,0.9923200011253357,0.8354393959045411,0.8315199971199035,0.8315199971199035,0.8314732193946838,0.8314732313156128,0.9845347166061401
125.0,19.188433200000002,0.38525009227097035,0.8649839985370636,0.9952480041980744,0.5121137023162842,0.8358199954032898,0.9927799940109253,0.8374212980270386,0.8358200073242187,0.8358199954032898,0.8354368686676025,0.8354368686676025,0.9850713014602661
126.0,19.192335600000003,0.38438931144142147,0.8660960018634797,0.9952279996871948,0.5278615528106689,0.8329200029373168,0.9922199845314026,0.8352500081062316,0.832919979095459,0.8329200029373168,0.8323301792144776,0.8323301672935486,0.984714698791504
127.0,19.2418296,0.3815887717158794,0.8668920016288757,0.9954320001602172,0.531966626996994,0.8325999855995178,0.9927800059318542,0.8358202338218689,0.8326000094413758,0.8325999855995178,0.8316867709159851,0.8316867589950562,0.9849927663803101
128.0,19.1959008,0.3785695338335037,0.8683200013637542,0.9955680000782013,0.5246590971279145,0.8335600018501282,0.9925599932670593,0.8379063487052917,0.8335600137710572,0.8335600018501282,0.8339404582977296,0.8339404463768005,0.9850102305412293
129.0,19.2002438,0.3768943069491386,0.8685759997367858,0.9956519997119905,0.5205988026237488,0.8356800079345703,0.9924799919128419,0.8376840710639953,0.8356799960136413,0.8356800079345703,0.8350075840950012,0.8350075840950012,0.9851335763931274
130.0,19.128451000000002,0.3747090538406371,0.8696959972381592,0.9954319989681243,0.5168363431453704,0.8373800039291383,0.9928600072860717,0.8382026553153992,0.8373800039291383,0.8373800039291383,0.8365192770957947,0.8365192770957947,0.985302186012268
131.0,19.242528399999998,0.3730520448098779,0.870160002708435,0.9955839979648591,0.5149191066646576,0.8388600230216979,0.9925400018692017,0.8394676327705383,0.8388599991798401,0.8388600230216979,0.8377589344978332,0.8377589344978332,0.9854759573936462
132.0,19.1949766,0.36758052439022054,0.8719920027256011,0.9955920004844666,0.5153949212360383,0.8379599928855895,0.9927799940109253,0.8392599582672119,0.8379600167274476,0.8379599928855895,0.8372109651565552,0.8372109651565552,0.9854191303253174
133.0,19.2772878,0.36706457540822024,0.8718719983100892,0.9956759941577911,0.5393630589580535,0.8337999939918518,0.9919200062751771,0.8356967449188232,0.8337999820709229,0.8337999939918518,0.8322082042694091,0.8322082042694091,0.9848544716835023
134.0,19.1620022,0.3651803618619442,0.8726759982109069,0.9957359981536865,0.5098956924152374,0.8402400016784668,0.9927399873733521,0.8416337847709655,0.8402400016784668,0.8402400016784668,0.8394850969314575,0.8394850969314575,0.9856645584106446
135.0,19.236732399999998,0.3632582204852104,0.8734119987487793,0.9959399962425232,0.5216811956405639,0.8374399900436401,0.9928400158882141,0.8391587972640991,0.8374399900436401,0.8374399900436401,0.8363366603851318,0.8363366484642029,0.9853395342826844
136.0,19.131201200000003,0.36150531707978256,0.8734320008754731,0.9961160027980805,0.5165185544681549,0.8382400035858154,0.9929999947547913,0.8405301094055176,0.8382399916648865,0.8382400035858154,0.8373930573463441,0.837393033504486,0.9854729056358337
137.0,19.288076,0.3573709080836773,0.875012001991272,0.9959599995613099,0.518010408859253,0.8385400056838989,0.9928800106048584,0.8410975098609924,0.838539981842041,0.8385400056838989,0.8382806420326233,0.8382806301116944,0.9855189561843872
138.0,19.159755200000003,0.35488565479016293,0.8759720003604888,0.9960319983959199,0.5202364859580993,0.8403799891471863,0.9930200099945069,0.8426857471466064,0.8403800010681152,0.8403799891471863,0.8395414471626282,0.8395414471626282,0.9856796979904175
139.0,19.2297944,0.3536767945945263,0.8773520016670228,0.9959599995613099,0.5155493548583986,0.8400599837303161,0.992739999294281,0.8422125935554504,0.8400599956512451,0.8400599837303161,0.8397298693656922,0.8397298693656922,0.9855955600738525
140.0,19.1866392,0.3536501059363484,0.8762320005893708,0.9959559965133667,0.5155354520893097,0.8402800083160401,0.9930400013923645,0.8425113320350647,0.8402799844741821,0.8402800083160401,0.83972589969635,0.839725911617279,0.9857436060905457
141.0,19.150522999999996,0.3498064866507053,0.8779680013656616,0.9960679996013643,0.5163871266651153,0.8389400005340576,0.9930400013923645,0.8401439666748046,0.8389400124549865,0.8389400005340576,0.8380759716033935,0.8380759716033935,0.9857888102531432
142.0,19.087052,0.3470867723872661,0.8790240013599394,0.9963520014286039,0.5219744437408448,0.8388599872589112,0.9927999973297119,0.8417189955711365,0.838860011100769,0.8388599872589112,0.8383032083511353,0.8383032441139221,0.9856568336486816
143.0,19.2303318,0.345261679823637,0.8794719994068146,0.9963759970664977,0.5235453036308289,0.8378400206565857,0.9933200001716614,0.8398697495460511,0.8378399610519409,0.8378400206565857,0.836903190612793,0.836903190612793,0.9856424450874329
144.0,19.098842,0.34212068270540236,0.8806559991836548,0.9963479924201967,0.5222361885356904,0.840779983997345,0.9928199887275696,0.8423535108566284,0.8407800078392028,0.840779983997345,0.8397310018539429,0.8397309660911559,0.9857724070549011
145.0,19.198874399999998,0.34151070674490924,0.8802519977092743,0.9963359987735748,0.5095733465957641,0.8407400012016296,0.9933200001716614,0.843425190448761,0.8407399892807007,0.8407400012016296,0.8406520962715148,0.8406521081924438,0.9860977292060852
146.0,19.262412,0.340822282418102,0.8815359961986543,0.9963079977035524,0.5074293526840211,0.8440000057220459,0.9929199934005738,0.8449376344680787,0.8440000057220459,0.8440000057220459,0.8435183882713319,0.8435184240341186,0.9861111283302307
147.0,19.215561599999997,0.33698559292840957,0.8826040029525757,0.996419998407364,0.507491582479477,0.8425599932670593,0.9932200193405151,0.8436911225318909,0.8425600051879883,0.8425599932670593,0.8415345191955567,0.8415345072746278,0.9862348079681397
148.0,19.201449999999998,0.33305326545304065,0.8838240003585814,0.9962359976768494,0.5070058402347565,0.8439599990844727,0.9932999968528747,0.8452029228210449,0.8439599871635437,0.8439599990844727,0.8430273532867432,0.8430273532867432,0.9864402174949646
149.0,19.193386400000005,0.3313312407262325,0.8851160037517546,0.9964639961719514,0.5157780560016633,0.842680013179779,0.9929399847984314,0.8444555640220642,0.8426799774169922,0.842680013179779,0.8416077375411987,0.8416077256202698,0.9861412644386292
150.0,19.2149424,0.3307494383922815,0.884935998916626,0.9964359986782073,0.5284541054821014,0.839300000667572,0.992900002002716,0.8427854657173156,0.8392999887466431,0.839300000667572,0.838577914237976,0.838577914237976,0.9860932469367981
151.0,19.2625156,0.32956477572345727,0.8854559969902037,0.996476000547409,0.5172823448085785,0.8418000102043152,0.9930800080299377,0.8442904591560364,0.8417999863624573,0.8418000102043152,0.8413493990898132,0.8413493871688843,0.9861842513084412
152.0,19.2754122,0.32667542532944677,0.8858800041675569,0.996743996143341,0.5247741414928436,0.8421000003814697,0.99339998960495,0.8442639827728272,0.8421000003814697,0.8421000003814697,0.8416131377220154,0.8416131496429443,0.9861568212509155
153.0,19.1824872,0.3264383453159332,0.8861039996147156,0.9966879999637605,0.5066370428180694,0.8457199931144714,0.9934800028800964,0.8468513011932374,0.8457200169563294,0.8457199931144714,0.8448917865753174,0.8448917865753174,0.9866000175476074
154.0,19.2261188,0.3249479656925201,0.8866239976882936,0.996767998933792,0.5165339795780182,0.8436400055885315,0.9935600042343139,0.8456681489944459,0.8436399936676026,0.8436400055885315,0.842959988117218,0.842959988117218,0.9862065196037292
155.0,19.177015800000003,0.3215484323451519,0.8877960002422333,0.9966559958457947,0.5101976908683777,0.8443400144577026,0.9931599974632265,0.84752357006073,0.8443400025367737,0.8443400144577026,0.844330096244812,0.8443300724029541,0.9863854527473449
156.0,19.146417200000002,0.31807098873829837,0.8890039992332458,0.9968479979038237,0.5116260693359376,0.8442999958992005,0.9937399983406067,0.8450725078582764,0.8442999958992005,0.8442999958992005,0.8432049870491028,0.8432049870491028,0.9864085078239441
157.0,19.3123258,0.31759483706498143,0.8892320024967194,0.9969360029697417,0.5204489650726319,0.8435800075531006,0.9933599829673767,0.8462849259376526,0.8435800194740296,0.8435800075531006,0.8426918983459473,0.8426918745040893,0.9864940762519837
158.0,19.145240400000002,0.3180681803338527,0.8884480011463164,0.9967879998683928,0.5241804141044616,0.8406199932098389,0.9932199954986572,0.8441640257835389,0.8406199812889099,0.8406199932098389,0.8392997860908508,0.8392997860908508,0.9862806677818298
159.0,19.2018096,0.31569659544509654,0.889255998134613,0.9970200002193451,0.512217353181839,0.8437000036239625,0.9933199882507324,0.8462700843811035,0.8437000155448914,0.8437000036239625,0.8431577801704407,0.8431578040122986,0.9865720987319947
160.0,19.127745,0.3127435901608467,0.890491999387741,0.9968159985542296,0.513568249092102,0.8448399901390076,0.9934200048446655,0.8473889112472534,0.8448400020599366,0.8448399901390076,0.8443346381187439,0.8443346381187439,0.9866424679756164
161.0,19.148199,0.3123556646306514,0.890763999223709,0.9968879973888399,0.5011216977310181,0.8482200026512147,0.9939999938011169,0.8495332956314087,0.8482199788093566,0.8482200026512147,0.8477519989013672,0.8477519989013672,0.986930775642395
162.0,19.102839399999997,0.30913570787322514,0.892579996585846,0.9972039961814881,0.510049456949234,0.8469200015068054,0.9935199975967407,0.8473003268241882,0.8469200134277344,0.8469200015068054,0.8458654046058655,0.8458653926849365,0.9867998480796815
163.0,19.128763000000003,0.30755744847834116,0.8930599987506866,0.9970199978351592,0.5147733842945098,0.8459200143814086,0.9935799956321717,0.8468616724014283,0.8459200143814086,0.8459200143814086,0.8447144985198974,0.8447145104408263,0.9866978526115417
164.0,19.223291800000002,0.30642885396355396,0.8934879994392394,0.9971959984302522,0.5225719194221498,0.8446400046348571,0.9933200001716614,0.8475683331489563,0.8446399927139282,0.8446400046348571,0.8434507250785828,0.8434507250785828,0.9866251945495605
165.0,19.2287298,0.3035635506711006,0.8938680005073546,0.997059998512268,0.5232992819786072,0.8451999902725219,0.9931599974632263,0.8477927803993225,0.8451999902725219,0.8451999902725219,0.8441475510597228,0.8441475510597228,0.9866448044776917
166.0,19.174937,0.30298802998518937,0.8940479981899262,0.9969840013980865,0.5156537390327455,0.8463800072669984,0.9932200074195862,0.8484406352043151,0.8463800072669984,0.8463800072669984,0.8454158186912536,0.8454158306121826,0.9867752194404602
167.0,19.1943078,0.30065210652488467,0.8943360018730163,0.9972519993782044,0.5166622859191895,0.8460399985313415,0.9933599948883057,0.8482669711112977,0.8460400104522705,0.8460399985313415,0.8449807524681091,0.8449807524681091,0.986821186542511
168.0,19.199825199999996,0.297895801628232,0.8957800030708313,0.9971039938926697,0.519124360332489,0.8477200150489806,0.9933599948883057,0.8496100783348083,0.8477199792861939,0.8477200150489806,0.8463191986083984,0.8463191986083984,0.9867907404899597
169.0,19.119428,0.29845285435843466,0.8957239973545076,0.997215996980667,0.5077263414859772,0.848580002784729,0.9934200048446655,0.8508541107177735,0.8485799908638,0.848580002784729,0.8482367753982544,0.8482367753982544,0.9869568705558777
170.0,19.063399200000003,0.2964301496603488,0.8959039998054504,0.9973200011253357,0.5043469764232635,0.8493000030517578,0.9933200001716614,0.8510130286216736,0.8493000149726867,0.8493000030517578,0.8488279938697815,0.8488280057907104,0.9872130036354064
171.0,19.268155800000002,0.2936945053714514,0.8972279977798463,0.9975240051746369,0.5140507480049132,0.8471599936485291,0.9936599969863892,0.8491154551506043,0.8471600294113159,0.8471599936485291,0.8459715723991393,0.8459715723991393,0.9870124101638794
172.0,19.154458,0.2936007816371917,0.897967997789383,0.9973759949207306,0.503579053516388,0.8497400045394897,0.9932799935340881,0.8509917497634888,0.8497400045394897,0.8497400045394897,0.8490301609039307,0.8490301489830018,0.9872482538223267
173.0,19.144118600000002,0.290813662722826,0.8984239947795868,0.9974399995803834,0.5249693468761444,0.8445800065994263,0.9935199975967407,0.8474904298782349,0.8445799827575683,0.8445800065994263,0.8440658688545227,0.8440658926963805,0.9867110133171081
174.0,19.2309424,0.2908178927400112,0.8987400031089782,0.9973240053653717,0.5152344801902772,0.8477199912071228,0.993839991092682,0.8501400709152221,0.8477200031280517,0.8477199912071228,0.8469938635826111,0.8469938635826111,0.9869855880737305
175.0,19.1876194,0.28967483443439007,0.8982319998741151,0.9973560011386872,0.5010083219242095,0.8513399958610535,0.9936200141906738,0.8531286954879761,0.8513400197029114,0.8513399958610535,0.8508525729179383,0.8508525729179383,0.9874652743339539
176.0,19.2885246,0.28401572309780115,0.9007120025157928,0.9974719989299773,0.5187767736530304,0.8471799850463867,0.9938599944114684,0.8502204775810241,0.8471800088882446,0.8471799850463867,0.8461390852928162,0.8461390852928162,0.9870932698249817
177.0,19.251147,0.28784462181866166,0.8991720044612883,0.99735600233078,0.512109972448349,0.849559998512268,0.9936399936676025,0.8512016534805298,0.849559998512268,0.849559998512268,0.8485153675079345,0.8485153675079345,0.9872454404830933
178.0,19.292105199999998,0.2835539629898071,0.9005600011348723,0.9974079966545105,0.5090311432361602,0.8498199939727783,0.9938799977302551,0.8517047762870789,0.8498199939727783,0.8498199939727783,0.8488845944404603,0.8488846182823181,0.9872853398323059
179.0,19.111830200000004,0.2802473069133758,0.9021519970893861,0.9975319969654083,0.5074104559707641,0.8517800092697144,0.9940400123596191,0.853044068813324,0.8517799973487854,0.8517800092697144,0.8509349703788757,0.8509349703788757,0.9874041676521301
180.0,19.143273399999998,0.27926373682069777,0.90271200299263,0.9975399994850159,0.5016117955589294,0.8515000104904175,0.9937800049781799,0.8525391101837158,0.8515000343322754,0.8515000104904175,0.8508767247200012,0.8508767247200012,0.9875232696533204
181.0,19.132099399999998,0.27908318831539153,0.9022000050544738,0.9975679993629455,0.5109382712173461,0.8496399879455566,0.9935999989509582,0.8523309111595153,0.8496399998664855,0.8496399879455566,0.8488185524940491,0.8488185524940491,0.9873453855514526
182.0,19.1994304,0.2787226431088447,0.9023600029945372,0.9976080000400543,0.5117901846504211,0.850219988822937,0.9939599752426148,0.851957607269287,0.850219988822937,0.850219988822937,0.8492691040039063,0.8492691159248352,0.9872430801391602
183.0,19.263713600000003,0.2758051525079011,0.9034840011596682,0.9976400005817413,0.5355986689758301,0.8450000047683716,0.9937200069427491,0.850604236125946,0.8450000166893005,0.8450000047683716,0.8448772311210632,0.8448772072792053,0.987122881412506
184.0,19.190618999999998,0.2732654617618024,0.9042280030250548,0.9976919972896576,0.4988695650291443,0.8524799942970276,0.994160008430481,0.8535881400108337,0.8524799942970276,0.8524799942970276,0.8519016981124877,0.8519016981124877,0.987712299823761
185.0,19.163144399999997,0.27181563980060813,0.9045800030231476,0.9975799977779388,0.5191951627349853,0.848360002040863,0.9940399885177612,0.8514104008674622,0.8483599781990051,0.848360002040863,0.8479342579841614,0.8479342579841614,0.9874162793159486
186.0,19.215982999999998,0.27072575214910505,0.905096001625061,0.9978119993209837,0.5160772282886504,0.8510999917984009,0.9937000036239624,0.8525952458381653,0.8510999917984009,0.8510999917984009,0.8495916843414307,0.8495916962623596,0.9874145746231079
187.0,19.178872000000002,0.2701809761528969,0.9055599975585938,0.997667999267578,0.5123748735523224,0.8509199976921081,0.993500018119812,0.8527747392654419,0.8509199976921081,0.8509199976921081,0.8501176714897155,0.8501176953315736,0.9875441670417785
188.0,19.136476000000002,0.2684234691007137,0.9055480062961578,0.9978679931163787,0.5120521869754792,0.8519999861717223,0.9938400149345398,0.8531001806259155,0.8519999861717223,0.8519999861717223,0.8511331677436829,0.8511331677436829,0.9876305818557739
189.0,19.2656606,0.2663834385350346,0.906416003704071,0.9977919983863831,0.5212592713069916,0.8514999985694885,0.9937199950218201,0.8542242050170898,0.8515000104904175,0.8514999985694885,0.850660502910614,0.850660502910614,0.9875049710273743
190.0,19.2158968,0.26609744128382207,0.9069079995155335,0.9976760017871857,0.5150532454776764,0.8517600059509277,0.9940800070762634,0.8534152865409851,0.8517600297927856,0.8517600059509277,0.8508247494697571,0.8508247494697571,0.987613332271576
191.0,19.002454,0.2634052112527489,0.9071960020065307,0.9979079973697661,0.5102841883945465,0.8526000022888184,0.9937399983406067,0.8540408849716187,0.8525999903678895,0.8526000022888184,0.8518445372581481,0.8518445253372192,0.9876319885253907
192.0,19.0893712,0.25929360548698893,0.9089320003986359,0.9979680001735688,0.5081949314022064,0.8524600028991699,0.9936000108718872,0.8539333581924439,0.8524600028991699,0.8524600028991699,0.8517683386802674,0.8517683148384094,0.9877788424491882
193.0,19.1805258,0.26032175895404813,0.9090799999237061,0.9978960001468656,0.5155702799034119,0.8523199915885925,0.9940200090408325,0.8543571114540099,0.8523200035095214,0.8523199915885925,0.8518164634704589,0.8518164753913879,0.9876548767089844
194.0,19.192391599999997,0.2584439956158399,0.90906400680542,0.997935996055603,0.5172658827400208,0.8526599884033202,0.9935199975967407,0.8546006560325622,0.8526600003242493,0.8526599884033202,0.8520525455474853,0.8520525336265564,0.9875100493431092
195.0,19.276957600000003,0.259496101215735,0.9090919971466064,0.9978000032901763,0.508685011138916,0.8527599930763244,0.9937400102615356,0.8542162060737609,0.8527600169181824,0.8527599930763244,0.8519589424133301,0.8519589424133301,0.9877494931221008
196.0,19.2607086,0.2578808923227787,0.9095000016689302,0.9979680025577545,0.5039489524459838,0.8544999957084656,0.9937600016593934,0.8558669924736023,0.8544999837875366,0.8544999957084656,0.8538525581359863,0.8538525581359863,0.9878498435020447
197.0,19.154778599999997,0.2578244198114872,0.9094799983501435,0.9979560005664826,0.5195548066234589,0.8507400035858154,0.99410001039505,0.852825915813446,0.8507400035858154,0.8507400035858154,0.8493810415267945,0.8493810415267945,0.9876751065254211
198.0,19.1617272,0.25420326463091375,0.9108720016479491,0.9980039966106417,0.5110627617645264,0.8534600019454955,0.9941400170326232,0.854608690738678,0.8534600257873536,0.8534600019454955,0.8523348927497864,0.8523348808288574,0.987804651260376
199.0,19.2890622,0.2526171249278783,0.9118960022926331,0.9980559968948365,0.5100655843639373,0.852620005607605,0.9938400030136109,0.8545183181762696,0.852620017528534,0.852620005607605,0.8520836353302003,0.8520836234092712,0.9878627300262451
200.0,19.2164124,0.24941980679011344,0.9126320004463196,0.9981559979915618,0.5115640236091613,0.8543800115585327,0.9939599871635437,0.8555664539337159,0.8543800234794617,0.8543800115585327,0.8534555912017822,0.8534555792808532,0.9879257678985596
